VideoID,Video,ClassID
0,Drink/Drink_12_1.mp4,0
1,Drink/Drink_12_2.mp4,0
2,Drink/Drink_12_3.mp4,0
3,Drink/Drink_12_4.mp4,0
4,Drink/Drink_13_10.mp4,0
5,Drink/Drink_13_11.mp4,0
6,Drink/Drink_13_12.mp4,0
7,Drink/Drink_13_13.mp4,0
8,Drink/Drink_13_14.mp4,0
9,Drink/Drink_13_2.mp4,0
10,Drink/Drink_13_20.mp4,0
11,Drink/Drink_13_3.mp4,0
12,Drink/Drink_13_4.mp4,0
13,Drink/Drink_13_7.mp4,0
14,Drink/Drink_13_8.mp4,0
15,Drink/Drink_13_9.mp4,0
16,Drink/Drink_15_1.mp4,0
17,Drink/Drink_15_10.mp4,0
18,Drink/Drink_15_12.mp4,0
19,Drink/Drink_15_13.mp4,0
20,Drink/Drink_15_14.mp4,0
21,Drink/Drink_15_18.mp4,0
22,Drink/Drink_15_19.mp4,0
23,Drink/Drink_15_2.mp4,0
24,Drink/Drink_15_20.mp4,0
25,Drink/Drink_15_3.mp4,0
26,Drink/Drink_15_4.mp4,0
27,Drink/Drink_15_7.mp4,0
28,Drink/Drink_15_8.mp4,0
29,Drink/Drink_15_9.mp4,0
30,Drink/Drink_3_1.mp4,0
31,Drink/Drink_3_11.mp4,0
32,Drink/Drink_3_12.mp4,0
33,Drink/Drink_3_13.mp4,0
34,Drink/Drink_3_15.mp4,0
35,Drink/Drink_3_16.mp4,0
36,Drink/Drink_3_17.mp4,0
37,Drink/Drink_3_18.mp4,0
38,Drink/Drink_3_19.mp4,0
39,Drink/Drink_3_2.mp4,0
40,Drink/Drink_3_21.mp4,0
41,Drink/Drink_3_22.mp4,0
42,Drink/Drink_3_24.mp4,0
43,Drink/Drink_3_3.mp4,0
44,Drink/Drink_3_4.mp4,0
45,Drink/Drink_3_5.mp4,0
46,Drink/Drink_3_6.mp4,0
47,Drink/Drink_3_7.mp4,0
48,Drink/Drink_3_8.mp4,0
49,Drink/Drink_4_1.mp4,0
50,Drink/Drink_4_10.mp4,0
51,Drink/Drink_4_14.mp4,0
52,Drink/Drink_4_15.mp4,0
53,Drink/Drink_4_2.mp4,0
54,Drink/Drink_4_20.mp4,0
55,Drink/Drink_4_4.mp4,0
56,Drink/Drink_4_5.mp4,0
57,Drink/Drink_4_6.mp4,0
58,Drink/Drink_4_9.mp4,0
59,Drink/Drink_6_12.mp4,0
60,Drink/Drink_6_13.mp4,0
61,Drink/Drink_6_14.mp4,0
62,Drink/Drink_6_16.mp4,0
63,Drink/Drink_6_17.mp4,0
64,Drink/Drink_6_18.mp4,0
65,Drink/Drink_6_19.mp4,0
66,Drink/Drink_6_20.mp4,0
67,Drink/Drink_6_22.mp4,0
68,Drink/Drink_6_23.mp4,0
69,Drink/Drink_6_28.mp4,0
70,Drink/Drink_6_29.mp4,0
71,Drink/Drink_6_32.mp4,0
72,Drink/Drink_7_17.mp4,0
73,Drink/Drink_7_18.mp4,0
74,Drink/Drink_7_19.mp4,0
75,Drink/Drink_7_2.mp4,0
76,Drink/Drink_7_20.mp4,0
77,Drink/Drink_7_21.mp4,0
78,Drink/Drink_7_22.mp4,0
79,Drink/Drink_7_3.mp4,0
80,Drink/Drink_7_4.mp4,0
81,Drink/Drink_7_5.mp4,0
82,Drink/Drink_7_6.mp4,0
83,Drink/Drink_7_9.mp4,0
84,Drink/Drink_8_1.mp4,0
85,Drink/Drink_8_10.mp4,0
86,Drink/Drink_8_11.mp4,0
87,Drink/Drink_8_12.mp4,0
88,Drink/Drink_8_16.mp4,0
89,Drink/Drink_8_2.mp4,0
90,Drink/Drink_8_7.mp4,0
91,Drink/Drink_8_8.mp4,0
92,Drink/Drink_8_9.mp4,0
93,Jump/Jump_11_1.mp4,1
94,Jump/Jump_11_10.mp4,1
95,Jump/Jump_11_11.mp4,1
96,Jump/Jump_11_12.mp4,1
97,Jump/Jump_11_13.mp4,1
98,Jump/Jump_11_14.mp4,1
99,Jump/Jump_11_15.mp4,1
100,Jump/Jump_11_16.mp4,1
101,Jump/Jump_11_17.mp4,1
102,Jump/Jump_11_2.mp4,1
103,Jump/Jump_11_20.mp4,1
104,Jump/Jump_11_21.mp4,1
105,Jump/Jump_11_22.mp4,1
106,Jump/Jump_11_27.mp4,1
107,Jump/Jump_11_28.mp4,1
108,Jump/Jump_11_3.mp4,1
109,Jump/Jump_11_4.mp4,1
110,Jump/Jump_11_9.mp4,1
111,Jump/Jump_1_1.mp4,1
112,Jump/Jump_1_10.mp4,1
113,Jump/Jump_1_11.mp4,1
114,Jump/Jump_1_12.mp4,1
115,Jump/Jump_1_2.mp4,1
116,Jump/Jump_1_3.mp4,1
117,Jump/Jump_1_9.mp4,1
118,Jump/Jump_2_1.mp4,1
119,Jump/Jump_2_10.mp4,1
120,Jump/Jump_2_11.mp4,1
121,Jump/Jump_2_12.mp4,1
122,Jump/Jump_2_13.mp4,1
123,Jump/Jump_2_14.mp4,1
124,Jump/Jump_2_15.mp4,1
125,Jump/Jump_2_22.mp4,1
126,Jump/Jump_2_23.mp4,1
127,Jump/Jump_2_24.mp4,1
128,Jump/Jump_4_1.mp4,1
129,Jump/Jump_4_10.mp4,1
130,Jump/Jump_4_16.mp4,1
131,Jump/Jump_4_19.mp4,1
132,Jump/Jump_4_2.mp4,1
133,Jump/Jump_4_21.mp4,1
134,Jump/Jump_4_24.mp4,1
135,Jump/Jump_4_25.mp4,1
136,Jump/Jump_4_26.mp4,1
137,Jump/Jump_4_27.mp4,1
138,Jump/Jump_4_28.mp4,1
139,Jump/Jump_4_3.mp4,1
140,Jump/Jump_4_31.mp4,1
141,Jump/Jump_4_32.mp4,1
142,Jump/Jump_4_38.mp4,1
143,Jump/Jump_4_6.mp4,1
144,Jump/Jump_4_7.mp4,1
145,Jump/Jump_4_8.mp4,1
146,Jump/Jump_4_9.mp4,1
147,Jump/Jump_6_1.mp4,1
148,Jump/Jump_6_2.mp4,1
149,Jump/Jump_6_3.mp4,1
150,Jump/Jump_6_4.mp4,1
151,Jump/Jump_6_5.mp4,1
152,Jump/Jump_6_6.mp4,1
153,Jump/Jump_6_7.mp4,1
154,Jump/Jump_6_8.mp4,1
155,Jump/Jump_6_9.mp4,1
156,Jump/Jump_7_1.mp4,1
157,Jump/Jump_7_10.mp4,1
158,Jump/Jump_7_11.mp4,1
159,Jump/Jump_7_12.mp4,1
160,Jump/Jump_7_13.mp4,1
161,Jump/Jump_7_14.mp4,1
162,Jump/Jump_7_15.mp4,1
163,Jump/Jump_7_16.mp4,1
164,Jump/Jump_7_17.mp4,1
165,Jump/Jump_7_18.mp4,1
166,Jump/Jump_7_19.mp4,1
167,Jump/Jump_7_2.mp4,1
168,Jump/Jump_7_20.mp4,1
169,Jump/Jump_7_6.mp4,1
170,Jump/Jump_7_7.mp4,1
171,Jump/Jump_7_8.mp4,1
172,Jump/Jump_7_9.mp4,1
173,Jump/Jump_8_1.mp4,1
174,Jump/Jump_8_10.mp4,1
175,Jump/Jump_8_14.mp4,1
176,Jump/Jump_8_15.mp4,1
177,Jump/Jump_8_2.mp4,1
178,Jump/Jump_8_20.mp4,1
179,Jump/Jump_8_21.mp4,1
180,Jump/Jump_8_3.mp4,1
181,Jump/Jump_8_4.mp4,1
182,Jump/Jump_8_5.mp4,1
183,Jump/Jump_8_6.mp4,1
184,Jump/Jump_8_7.mp4,1
185,Jump/Jump_8_8.mp4,1
186,Jump/Jump_8_9.mp4,1
187,Pick/Pick_13_1.mp4,2
188,Pick/Pick_13_10.mp4,2
189,Pick/Pick_13_2.mp4,2
190,Pick/Pick_13_3.mp4,2
191,Pick/Pick_13_4.mp4,2
192,Pick/Pick_13_5.mp4,2
193,Pick/Pick_13_6.mp4,2
194,Pick/Pick_13_7.mp4,2
195,Pick/Pick_13_8.mp4,2
196,Pick/Pick_13_9.mp4,2
197,Pick/Pick_15_1.mp4,2
198,Pick/Pick_15_10.mp4,2
199,Pick/Pick_15_11.mp4,2
200,Pick/Pick_15_2.mp4,2
201,Pick/Pick_15_3.mp4,2
202,Pick/Pick_15_4.mp4,2
203,Pick/Pick_15_5.mp4,2
204,Pick/Pick_15_6.mp4,2
205,Pick/Pick_15_7.mp4,2
206,Pick/Pick_15_8.mp4,2
207,Pick/Pick_15_9.mp4,2
208,Pick/Pick_2_1.mp4,2
209,Pick/Pick_2_10.mp4,2
210,Pick/Pick_2_13.mp4,2
211,Pick/Pick_2_14.mp4,2
212,Pick/Pick_2_17.mp4,2
213,Pick/Pick_2_19.mp4,2
214,Pick/Pick_2_21.mp4,2
215,Pick/Pick_2_3.mp4,2
216,Pick/Pick_2_5.mp4,2
217,Pick/Pick_2_9.mp4,2
218,Pick/Pick_3_1.mp4,2
219,Pick/Pick_3_2.mp4,2
220,Pick/Pick_3_3.mp4,2
221,Pick/Pick_3_4.mp4,2
222,Pick/Pick_3_5.mp4,2
223,Pick/Pick_3_6.mp4,2
224,Pick/Pick_6_1.mp4,2
225,Pick/Pick_6_2.mp4,2
226,Pick/Pick_6_3.mp4,2
227,Pick/Pick_6_4.mp4,2
228,Pick/Pick_6_5.mp4,2
229,Pick/Pick_6_6.mp4,2
230,Pick/Pick_6_7.mp4,2
231,Pick/Pick_6_8.mp4,2
232,Pick/Pick_7_1.mp4,2
233,Pick/Pick_7_5.mp4,2
234,Pick/Pick_7_6.mp4,2
235,Pick/Pick_8_1.mp4,2
236,Pick/Pick_8_10.mp4,2
237,Pick/Pick_8_11.mp4,2
238,Pick/Pick_8_12.mp4,2
239,Pick/Pick_8_13.mp4,2
240,Pick/Pick_8_2.mp4,2
241,Pick/Pick_8_3.mp4,2
242,Pick/Pick_8_4.mp4,2
243,Pick/Pick_8_5.mp4,2
244,Pick/Pick_8_6.mp4,2
245,Pick/Pick_8_7.mp4,2
246,Pick/Pick_8_8.mp4,2
247,Pick/Pick_8_9.mp4,2
248,Pour/Pour_10_1.mp4,3
249,Pour/Pour_10_10.mp4,3
250,Pour/Pour_10_11.mp4,3
251,Pour/Pour_10_12.mp4,3
252,Pour/Pour_10_13.mp4,3
253,Pour/Pour_10_15.mp4,3
254,Pour/Pour_10_19.mp4,3
255,Pour/Pour_10_2.mp4,3
256,Pour/Pour_10_20.mp4,3
257,Pour/Pour_10_21.mp4,3
258,Pour/Pour_10_22.mp4,3
259,Pour/Pour_10_3.mp4,3
260,Pour/Pour_10_4.mp4,3
261,Pour/Pour_10_5.mp4,3
262,Pour/Pour_13_1.mp4,3
263,Pour/Pour_13_10.mp4,3
264,Pour/Pour_13_11.mp4,3
265,Pour/Pour_13_2.mp4,3
266,Pour/Pour_13_3.mp4,3
267,Pour/Pour_13_4.mp4,3
268,Pour/Pour_13_5.mp4,3
269,Pour/Pour_13_6.mp4,3
270,Pour/Pour_13_7.mp4,3
271,Pour/Pour_13_8.mp4,3
272,Pour/Pour_13_9.mp4,3
273,Pour/Pour_16_1.mp4,3
274,Pour/Pour_16_10.mp4,3
275,Pour/Pour_16_11.mp4,3
276,Pour/Pour_16_12.mp4,3
277,Pour/Pour_16_13.mp4,3
278,Pour/Pour_16_14.mp4,3
279,Pour/Pour_16_18.mp4,3
280,Pour/Pour_16_6.mp4,3
281,Pour/Pour_16_9.mp4,3
282,Pour/Pour_17_1.mp4,3
283,Pour/Pour_17_11.mp4,3
284,Pour/Pour_17_13.mp4,3
285,Pour/Pour_17_18.mp4,3
286,Pour/Pour_17_19.mp4,3
287,Pour/Pour_17_2.mp4,3
288,Pour/Pour_17_20.mp4,3
289,Pour/Pour_17_24.mp4,3
290,Pour/Pour_17_25.mp4,3
291,Pour/Pour_17_26.mp4,3
292,Pour/Pour_17_3.mp4,3
293,Pour/Pour_17_31.mp4,3
294,Pour/Pour_17_33.mp4,3
295,Pour/Pour_17_34.mp4,3
296,Pour/Pour_17_35.mp4,3
297,Pour/Pour_17_36.mp4,3
298,Pour/Pour_17_4.mp4,3
299,Pour/Pour_2_12.mp4,3
300,Pour/Pour_2_13.mp4,3
301,Pour/Pour_2_14.mp4,3
302,Pour/Pour_2_15.mp4,3
303,Pour/Pour_2_16.mp4,3
304,Pour/Pour_2_17.mp4,3
305,Pour/Pour_2_2.mp4,3
306,Pour/Pour_2_3.mp4,3
307,Pour/Pour_2_4.mp4,3
308,Pour/Pour_2_5.mp4,3
309,Pour/Pour_2_6.mp4,3
310,Pour/Pour_2_7.mp4,3
311,Pour/Pour_2_8.mp4,3
312,Pour/Pour_2_9.mp4,3
313,Pour/Pour_5_1.mp4,3
314,Pour/Pour_5_10.mp4,3
315,Pour/Pour_5_11.mp4,3
316,Pour/Pour_5_2.mp4,3
317,Pour/Pour_5_3.mp4,3
318,Pour/Pour_5_4.mp4,3
319,Pour/Pour_5_5.mp4,3
320,Pour/Pour_5_6.mp4,3
321,Pour/Pour_5_7.mp4,3
322,Pour/Pour_5_8.mp4,3
323,Pour/Pour_5_9.mp4,3
324,Pour/Pour_9_1.mp4,3
325,Pour/Pour_9_10.mp4,3
326,Pour/Pour_9_11.mp4,3
327,Pour/Pour_9_12.mp4,3
328,Pour/Pour_9_13.mp4,3
329,Pour/Pour_9_2.mp4,3
330,Pour/Pour_9_3.mp4,3
331,Pour/Pour_9_4.mp4,3
332,Pour/Pour_9_5.mp4,3
333,Pour/Pour_9_6.mp4,3
334,Pour/Pour_9_7.mp4,3
335,Pour/Pour_9_8.mp4,3
336,Pour/Pour_9_9.mp4,3
337,Push/Push_10_1.mp4,4
338,Push/Push_10_10.mp4,4
339,Push/Push_10_11.mp4,4
340,Push/Push_10_12.mp4,4
341,Push/Push_10_19.mp4,4
342,Push/Push_10_2.mp4,4
343,Push/Push_10_26.mp4,4
344,Push/Push_10_27.mp4,4
345,Push/Push_10_28.mp4,4
346,Push/Push_10_3.mp4,4
347,Push/Push_10_30.mp4,4
348,Push/Push_10_31.mp4,4
349,Push/Push_10_32.mp4,4
350,Push/Push_10_33.mp4,4
351,Push/Push_10_34.mp4,4
352,Push/Push_10_36.mp4,4
353,Push/Push_10_38.mp4,4
354,Push/Push_10_4.mp4,4
355,Push/Push_10_5.mp4,4
356,Push/Push_10_6.mp4,4
357,Push/Push_10_8.mp4,4
358,Push/Push_12_1.mp4,4
359,Push/Push_12_10.mp4,4
360,Push/Push_12_11.mp4,4
361,Push/Push_12_12.mp4,4
362,Push/Push_12_13.mp4,4
363,Push/Push_12_16.mp4,4
364,Push/Push_12_17.mp4,4
365,Push/Push_12_18.mp4,4
366,Push/Push_12_19.mp4,4
367,Push/Push_12_2.mp4,4
368,Push/Push_12_20.mp4,4
369,Push/Push_12_21.mp4,4
370,Push/Push_12_3.mp4,4
371,Push/Push_12_7.mp4,4
372,Push/Push_12_8.mp4,4
373,Push/Push_12_9.mp4,4
374,Push/Push_13_10.mp4,4
375,Push/Push_13_12.mp4,4
376,Push/Push_13_13.mp4,4
377,Push/Push_13_16.mp4,4
378,Push/Push_13_17.mp4,4
379,Push/Push_13_18.mp4,4
380,Push/Push_13_19.mp4,4
381,Push/Push_13_2.mp4,4
382,Push/Push_13_20.mp4,4
383,Push/Push_13_22.mp4,4
384,Push/Push_13_28.mp4,4
385,Push/Push_13_32.mp4,4
386,Push/Push_13_33.mp4,4
387,Push/Push_13_36.mp4,4
388,Push/Push_13_37.mp4,4
389,Push/Push_13_38.mp4,4
390,Push/Push_13_39.mp4,4
391,Push/Push_13_40.mp4,4
392,Push/Push_13_41.mp4,4
393,Push/Push_13_5.mp4,4
394,Push/Push_13_6.mp4,4
395,Push/Push_13_7.mp4,4
396,Push/Push_13_8.mp4,4
397,Push/Push_13_9.mp4,4
398,Push/Push_2_1.mp4,4
399,Push/Push_2_10.mp4,4
400,Push/Push_2_11.mp4,4
401,Push/Push_2_2.mp4,4
402,Push/Push_2_3.mp4,4
403,Push/Push_2_4.mp4,4
404,Push/Push_2_5.mp4,4
405,Push/Push_2_6.mp4,4
406,Push/Push_2_7.mp4,4
407,Push/Push_2_8.mp4,4
408,Push/Push_2_9.mp4,4
409,Push/Push_6_1.mp4,4
410,Push/Push_6_10.mp4,4
411,Push/Push_6_11.mp4,4
412,Push/Push_6_12.mp4,4
413,Push/Push_6_17.mp4,4
414,Push/Push_6_18.mp4,4
415,Push/Push_6_2.mp4,4
416,Push/Push_6_3.mp4,4
417,Push/Push_6_4.mp4,4
418,Push/Push_6_5.mp4,4
419,Push/Push_6_6.mp4,4
420,Push/Push_6_7.mp4,4
421,Push/Push_6_8.mp4,4
422,Push/Push_6_9.mp4,4
423,Push/Push_8_35.mp4,4
424,Push/Push_8_36.mp4,4
425,Push/Push_8_37.mp4,4
426,Push/Push_8_39.mp4,4
427,Push/Push_8_41.mp4,4
428,Push/Push_8_43.mp4,4
429,Push/Push_8_44.mp4,4
430,Push/Push_8_46.mp4,4
431,Push/Push_8_49.mp4,4
432,Push/Push_8_50.mp4,4
433,Push/Push_8_51.mp4,4
434,Run/Run_11_1.mp4,5
435,Run/Run_11_11.mp4,5
436,Run/Run_11_14.mp4,5
437,Run/Run_11_15.mp4,5
438,Run/Run_11_16.mp4,5
439,Run/Run_11_2.mp4,5
440,Run/Run_11_20.mp4,5
441,Run/Run_11_21.mp4,5
442,Run/Run_11_22.mp4,5
443,Run/Run_11_25.mp4,5
444,Run/Run_11_27.mp4,5
445,Run/Run_11_28.mp4,5
446,Run/Run_11_29.mp4,5
447,Run/Run_11_3.mp4,5
448,Run/Run_11_30.mp4,5
449,Run/Run_11_31.mp4,5
450,Run/Run_11_4.mp4,5
451,Run/Run_11_7.mp4,5
452,Run/Run_11_8.mp4,5
453,Run/Run_1_1.mp4,5
454,Run/Run_1_10.mp4,5
455,Run/Run_1_11.mp4,5
456,Run/Run_1_12.mp4,5
457,Run/Run_1_13.mp4,5
458,Run/Run_1_5.mp4,5
459,Run/Run_1_6.mp4,5
460,Run/Run_1_7.mp4,5
461,Run/Run_1_8.mp4,5
462,Run/Run_1_9.mp4,5
463,Run/Run_3_1.mp4,5
464,Run/Run_3_10.mp4,5
465,Run/Run_3_11.mp4,5
466,Run/Run_3_12.mp4,5
467,Run/Run_3_13.mp4,5
468,Run/Run_3_14.mp4,5
469,Run/Run_3_6.mp4,5
470,Run/Run_3_7.mp4,5
471,Run/Run_3_8.mp4,5
472,Run/Run_3_9.mp4,5
473,Run/Run_6_1.mp4,5
474,Run/Run_6_10.mp4,5
475,Run/Run_6_11.mp4,5
476,Run/Run_6_12.mp4,5
477,Run/Run_6_13.mp4,5
478,Run/Run_6_14.mp4,5
479,Run/Run_6_15.mp4,5
480,Run/Run_6_16.mp4,5
481,Run/Run_6_17.mp4,5
482,Run/Run_6_18.mp4,5
483,Run/Run_6_19.mp4,5
484,Run/Run_6_2.mp4,5
485,Run/Run_6_20.mp4,5
486,Run/Run_6_7.mp4,5
487,Run/Run_6_8.mp4,5
488,Run/Run_6_9.mp4,5
489,Sit/Sit_10_1.mp4,6
490,Sit/Sit_10_10.mp4,6
491,Sit/Sit_10_11.mp4,6
492,Sit/Sit_10_12.mp4,6
493,Sit/Sit_10_13.mp4,6
494,Sit/Sit_10_2.mp4,6
495,Sit/Sit_10_3.mp4,6
496,Sit/Sit_10_4.mp4,6
497,Sit/Sit_10_5.mp4,6
498,Sit/Sit_10_6.mp4,6
499,Sit/Sit_10_7.mp4,6
500,Sit/Sit_10_8.mp4,6
501,Sit/Sit_10_9.mp4,6
502,Sit/Sit_2_1.mp4,6
503,Sit/Sit_2_2.mp4,6
504,Sit/Sit_2_3.mp4,6
505,Sit/Sit_2_4.mp4,6
506,Sit/Sit_2_5.mp4,6
507,Sit/Sit_2_6.mp4,6
508,Sit/Sit_2_7.mp4,6
509,Sit/Sit_2_8.mp4,6
510,Sit/Sit_4_10.mp4,6
511,Sit/Sit_4_11.mp4,6
512,Sit/Sit_4_12.mp4,6
513,Sit/Sit_4_13.mp4,6
514,Sit/Sit_4_14.mp4,6
515,Sit/Sit_4_15.mp4,6
516,Sit/Sit_4_16.mp4,6
517,Sit/Sit_4_19.mp4,6
518,Sit/Sit_4_3.mp4,6
519,Sit/Sit_4_4.mp4,6
520,Sit/Sit_4_5.mp4,6
521,Sit/Sit_4_9.mp4,6
522,Sit/Sit_7_1.mp4,6
523,Sit/Sit_7_2.mp4,6
524,Sit/Sit_7_3.mp4,6
525,Sit/Sit_7_4.mp4,6
526,Sit/Sit_7_5.mp4,6
527,Sit/Sit_7_6.mp4,6
528,Sit/Sit_7_7.mp4,6
529,Sit/Sit_8_1.mp4,6
530,Sit/Sit_8_10.mp4,6
531,Sit/Sit_8_11.mp4,6
532,Sit/Sit_8_2.mp4,6
533,Sit/Sit_8_3.mp4,6
534,Sit/Sit_8_4.mp4,6
535,Sit/Sit_8_5.mp4,6
536,Sit/Sit_8_6.mp4,6
537,Sit/Sit_8_7.mp4,6
538,Sit/Sit_8_8.mp4,6
539,Sit/Sit_8_9.mp4,6
540,Stand/Stand_12_1.mp4,7
541,Stand/Stand_12_10.mp4,7
542,Stand/Stand_12_11.mp4,7
543,Stand/Stand_12_12.mp4,7
544,Stand/Stand_12_14.mp4,7
545,Stand/Stand_12_15.mp4,7
546,Stand/Stand_12_16.mp4,7
547,Stand/Stand_12_18.mp4,7
548,Stand/Stand_12_19.mp4,7
549,Stand/Stand_12_20.mp4,7
550,Stand/Stand_12_25.mp4,7
551,Stand/Stand_12_4.mp4,7
552,Stand/Stand_12_5.mp4,7
553,Stand/Stand_2_3.mp4,7
554,Stand/Stand_2_4.mp4,7
555,Stand/Stand_2_8.mp4,7
556,Stand/Stand_2_9.mp4,7
557,Stand/Stand_3_1.mp4,7
558,Stand/Stand_3_3.mp4,7
559,Stand/Stand_3_4.mp4,7
560,Stand/Stand_3_5.mp4,7
561,Stand/Stand_3_6.mp4,7
562,Stand/Stand_3_7.mp4,7
563,Stand/Stand_3_8.mp4,7
564,Stand/Stand_5_1.mp4,7
565,Stand/Stand_5_10.mp4,7
566,Stand/Stand_5_11.mp4,7
567,Stand/Stand_5_12.mp4,7
568,Stand/Stand_5_2.mp4,7
569,Stand/Stand_5_3.mp4,7
570,Stand/Stand_5_4.mp4,7
571,Stand/Stand_5_5.mp4,7
572,Stand/Stand_5_6.mp4,7
573,Stand/Stand_9_11.mp4,7
574,Stand/Stand_9_12.mp4,7
575,Stand/Stand_9_13.mp4,7
576,Stand/Stand_9_14.mp4,7
577,Stand/Stand_9_15.mp4,7
578,Stand/Stand_9_2.mp4,7
579,Stand/Stand_9_3.mp4,7
580,Stand/Stand_9_5.mp4,7
581,Stand/Stand_9_6.mp4,7
582,Stand/Stand_9_7.mp4,7
583,Stand/Stand_9_8.mp4,7
584,Stand/Stand_9_9.mp4,7
585,Turn/Turn_1_1.mp4,8
586,Turn/Turn_1_10.mp4,8
587,Turn/Turn_1_12.mp4,8
588,Turn/Turn_1_13.mp4,8
589,Turn/Turn_1_23.mp4,8
590,Turn/Turn_1_24.mp4,8
591,Turn/Turn_1_26.mp4,8
592,Turn/Turn_1_28.mp4,8
593,Turn/Turn_1_42.mp4,8
594,Turn/Turn_1_44.mp4,8
595,Turn/Turn_1_45.mp4,8
596,Turn/Turn_1_46.mp4,8
597,Turn/Turn_1_47.mp4,8
598,Turn/Turn_1_48.mp4,8
599,Turn/Turn_1_49.mp4,8
600,Turn/Turn_1_50.mp4,8
601,Turn/Turn_1_51.mp4,8
602,Turn/Turn_1_52.mp4,8
603,Turn/Turn_1_54.mp4,8
604,Turn/Turn_1_55.mp4,8
605,Turn/Turn_1_56.mp4,8
606,Turn/Turn_5_1.mp4,8
607,Turn/Turn_5_10.mp4,8
608,Turn/Turn_5_11.mp4,8
609,Turn/Turn_5_12.mp4,8
610,Turn/Turn_5_13.mp4,8
611,Turn/Turn_5_14.mp4,8
612,Turn/Turn_5_15.mp4,8
613,Turn/Turn_5_16.mp4,8
614,Turn/Turn_5_17.mp4,8
615,Turn/Turn_5_2.mp4,8
616,Turn/Turn_5_3.mp4,8
617,Turn/Turn_5_4.mp4,8
618,Turn/Turn_5_5.mp4,8
619,Turn/Turn_7_1.mp4,8
620,Turn/Turn_7_10.mp4,8
621,Turn/Turn_7_11.mp4,8
622,Turn/Turn_7_12.mp4,8
623,Turn/Turn_7_13.mp4,8
624,Turn/Turn_7_15.mp4,8
625,Turn/Turn_7_2.mp4,8
626,Turn/Turn_7_20.mp4,8
627,Turn/Turn_7_21.mp4,8
628,Turn/Turn_7_22.mp4,8
629,Turn/Turn_7_23.mp4,8
630,Turn/Turn_7_24.mp4,8
631,Turn/Turn_7_25.mp4,8
632,Turn/Turn_7_30.mp4,8
633,Turn/Turn_7_36.mp4,8
634,Turn/Turn_7_37.mp4,8
635,Turn/Turn_7_38.mp4,8
636,Turn/Turn_7_4.mp4,8
637,Turn/Turn_7_5.mp4,8
638,Turn/Turn_9_2.mp4,8
639,Turn/Turn_9_3.mp4,8
640,Turn/Turn_9_4.mp4,8
641,Turn/Turn_9_5.mp4,8
642,Turn/Turn_9_6.mp4,8
643,Turn/Turn_9_7.mp4,8
644,Walk/Walk_10_1.mp4,9
645,Walk/Walk_10_10.mp4,9
646,Walk/Walk_10_11.mp4,9
647,Walk/Walk_10_12.mp4,9
648,Walk/Walk_10_13.mp4,9
649,Walk/Walk_10_2.mp4,9
650,Walk/Walk_10_3.mp4,9
651,Walk/Walk_10_4.mp4,9
652,Walk/Walk_10_5.mp4,9
653,Walk/Walk_10_6.mp4,9
654,Walk/Walk_10_7.mp4,9
655,Walk/Walk_10_8.mp4,9
656,Walk/Walk_10_9.mp4,9
657,Walk/Walk_13_12.mp4,9
658,Walk/Walk_13_13.mp4,9
659,Walk/Walk_13_14.mp4,9
660,Walk/Walk_13_15.mp4,9
661,Walk/Walk_13_16.mp4,9
662,Walk/Walk_13_17.mp4,9
663,Walk/Walk_13_18.mp4,9
664,Walk/Walk_13_19.mp4,9
665,Walk/Walk_13_2.mp4,9
666,Walk/Walk_13_20.mp4,9
667,Walk/Walk_13_21.mp4,9
668,Walk/Walk_13_22.mp4,9
669,Walk/Walk_13_23.mp4,9
670,Walk/Walk_13_24.mp4,9
671,Walk/Walk_13_25.mp4,9
672,Walk/Walk_13_26.mp4,9
673,Walk/Walk_13_27.mp4,9
674,Walk/Walk_13_28.mp4,9
675,Walk/Walk_13_29.mp4,9
676,Walk/Walk_13_3.mp4,9
677,Walk/Walk_13_30.mp4,9
678,Walk/Walk_13_31.mp4,9
679,Walk/Walk_13_4.mp4,9
680,Walk/Walk_14_1.mp4,9
681,Walk/Walk_14_10.mp4,9
682,Walk/Walk_14_16.mp4,9
683,Walk/Walk_14_17.mp4,9
684,Walk/Walk_14_18.mp4,9
685,Walk/Walk_14_19.mp4,9
686,Walk/Walk_14_2.mp4,9
687,Walk/Walk_14_20.mp4,9
688,Walk/Walk_14_21.mp4,9
689,Walk/Walk_14_22.mp4,9
690,Walk/Walk_14_23.mp4,9
691,Walk/Walk_14_24.mp4,9
692,Walk/Walk_14_28.mp4,9
693,Walk/Walk_14_29.mp4,9
694,Walk/Walk_14_3.mp4,9
695,Walk/Walk_14_4.mp4,9
696,Walk/Walk_14_5.mp4,9
697,Walk/Walk_14_9.mp4,9
698,Walk/Walk_4_2.mp4,9
699,Walk/Walk_4_20.mp4,9
700,Walk/Walk_4_21.mp4,9
701,Walk/Walk_4_22.mp4,9
702,Walk/Walk_4_23.mp4,9
703,Walk/Walk_4_27.mp4,9
704,Walk/Walk_4_28.mp4,9
705,Walk/Walk_4_3.mp4,9
706,Walk/Walk_4_32.mp4,9
707,Walk/Walk_4_34.mp4,9
708,Walk/Walk_4_38.mp4,9
709,Walk/Walk_4_54.mp4,9
710,Walk/Walk_4_55.mp4,9
711,Walk/Walk_4_57.mp4,9
712,Walk/Walk_4_58.mp4,9
713,Walk/Walk_4_6.mp4,9
714,Walk/Walk_4_60.mp4,9
715,Walk/Walk_4_8.mp4,9
716,Walk/Walk_7_1.mp4,9
717,Walk/Walk_7_10.mp4,9
718,Walk/Walk_7_16.mp4,9
719,Walk/Walk_7_17.mp4,9
720,Walk/Walk_7_2.mp4,9
721,Walk/Walk_7_28.mp4,9
722,Walk/Walk_7_29.mp4,9
723,Walk/Walk_7_3.mp4,9
724,Walk/Walk_7_30.mp4,9
725,Walk/Walk_7_31.mp4,9
726,Walk/Walk_7_32.mp4,9
727,Walk/Walk_7_4.mp4,9
728,Walk/Walk_7_5.mp4,9
729,Walk/Walk_7_6.mp4,9
730,Walk/Walk_7_7.mp4,9
731,Walk/Walk_7_8.mp4,9
732,Walk/Walk_7_9.mp4,9
733,Walk/Walk_8_1.mp4,9
734,Walk/Walk_8_10.mp4,9
735,Walk/Walk_8_11.mp4,9
736,Walk/Walk_8_18.mp4,9
737,Walk/Walk_8_19.mp4,9
738,Walk/Walk_8_2.mp4,9
739,Walk/Walk_8_20.mp4,9
740,Walk/Walk_8_21.mp4,9
741,Walk/Walk_8_22.mp4,9
742,Walk/Walk_8_23.mp4,9
743,Walk/Walk_8_3.mp4,9
744,Walk/Walk_8_4.mp4,9
745,Walk/Walk_8_5.mp4,9
746,Walk/Walk_8_6.mp4,9
747,Walk/Walk_8_7.mp4,9
748,Walk/Walk_8_8.mp4,9
749,Walk/Walk_8_9.mp4,9
